parameter,value,unit,status,note
rated_payload,20,kg,resume/report baseline,maximum nominal payload
maximum_radius,1180,mm,calculated baseline,520+480+180
J2_design_torque,1552,N.m,calculated baseline,preliminary combined load
shaft_allowable_shear,50,MPa,assumed,preliminary alloy-steel allowable
selected_joint_shaft_diameter,90,mm,selected,preliminary output shaft
foundation_bolt_count,8,count,model baseline,M16 preliminary
foundation_bolt_radius,130,mm,model baseline,bolt-circle radius
grip_friction_coefficient,0.25,-,assumed,conservative jaw contact
grip_safety_factor,2.25,-,assumed,vertical holding
